"Framework requirement","Framework code","Title","ID","UID","Url","Description","Description modified?","Evidence status","Domain","Owner"
"Article 5","Article 5","Article 5.1 - ICT Risk Governance Framework","CPL-191","gwsr0ieg","https://app.eu.vanta.com/frameworks/dora?controlId=gwsr0ieg","Financial entities shall have in place an internal governance and control framework that ensures an effective and prudent management of ICT risk, in accordance with Article 6(4), in order to achieve a high level of digital operational resilience.","No","Needs evidence","COMPLIANCE",""
"Article 5","Article 5","Article 5.2 - Management Body ICT Risk Oversight","CPL-192","lsd40bkh","https://app.eu.vanta.com/frameworks/dora?controlId=lsd40bkh","The management body of the financial entity shall define, approve, oversee and be responsible for the implementation of all arrangements related to the ICT risk management framework referred to in Article 6(1). For the purposes of the first subparagraph, the management body shall:

(a) bear the ultimate responsibility for managing the financial entity’s ICT risk; 

(b) put in place policies that aim to ensure the maintenance of high standards of availability, authenticity, integrity and confidentiality, of data; 

(c) set clear roles and responsibilities for all ICT-related functions and establish appropriate governance arrangements to ensure effective and timely communication, cooperation and coordination among those functions; 

(d) bear the overall responsibility for setting and approving the digital operational resilience strategy as referred to in Article 6(8), including the determination of the appropriate risk tolerance level of ICT risk of the financial entity, as referred to in Article 6(8), point (b); 

(e) approve, oversee and periodically review the implementation of the financial entity’s ICT business continuity policy and ICT response and recovery plans, referred to, respectively, in Article 11(1) and (3), which may be adopted as a dedicated specific policy forming an integral part of the financial entity’s overall business continuity policy and response and recovery plan; 

(f) approve and periodically review the financial entity’s ICT internal audit plans, ICT audits and material modifications to them; 

(g) allocate and periodically review the appropriate budget to fulfil the financial entity’s digital operational resilience needs in respect of all types of resources, including relevant ICT security awareness programmes and digital operational resilience training referred to in Article 13(6), and ICT skills for all staff; 

(h) approve and periodically review the financial entity’s policy on arrangements regarding the use of ICT services provided by ICT third-party service providers; 

(i) put in place, at corporate level, reporting channels enabling it to be duly informed of the following:
(i) arrangements concluded with ICT third-party service providers on the use of ICT services, 
(ii) any relevant planned material changes regarding the ICT third-party service providers, 
(iii) the potential impact of such changes on the critical or important functions subject to those arrangements, including a risk analysis summary to assess the impact of those changes, and at least major ICT-related incidents and their impact, as well as response, recovery and corrective measures.","No","Needs evidence","COMPLIANCE",""
"Article 5","Article 5","Article 5.4 - Management Body ICT Risk Competency","SAT-87","nj8aj8j9","https://app.eu.vanta.com/frameworks/dora?controlId=nj8aj8j9","Members of the management body of the financial entity shall actively keep up to date with sufficient knowledge and skills to understand and assess ICT risk and its impact on the operations of the financial entity, including by following specific training on a regular basis, commensurate to the ICT risk being managed.","No","Needs evidence","SECURITY_AWARENESS_TRAINING",""
"Article 5","Article 5","Article 5.3 - Third-Party ICT Service Monitoring Manager","TPM-128","42am71af","https://app.eu.vanta.com/frameworks/dora?controlId=42am71af","Financial entities, other than microenterprises, shall establish a role in order to monitor the arrangements concluded with ICT third-party service providers on the use of ICT services, or shall designate a member of senior management as responsible for overseeing the related risk exposure and relevant documentation.","No","Needs evidence","THIRD_PARTY_MANAGEMENT",""
"Article 6","Article 6","Article 6.6 - ICT Risk Internal Audit","CPL-193","f4mw6a8j","https://app.eu.vanta.com/frameworks/dora?controlId=f4mw6a8j","The ICT risk management framework of financial entities, other than microenterprises, shall be subject to internal audit by auditors on a regular basis in line with the financial entities’ audit plan. Those auditors shall possess sufficient knowledge, skills and expertise in ICT risk, as well as appropriate independence. The frequency and focus of ICT audits shall be commensurate to the ICT risk of the financial entity.","No","Needs evidence","COMPLIANCE",""
"Article 6","Article 6","Article 6.7 - ICT Audit Findings Remediation Process","CPL-194","aaisoxzu","https://app.eu.vanta.com/frameworks/dora?controlId=aaisoxzu","Based on the conclusions from the internal audit review, financial entities shall establish a formal follow-up process, including rules for the timely verification and remediation of critical ICT audit findings.","No","Needs evidence","COMPLIANCE",""
"Article 6","Article 6","Article 6.2 - ICT Asset Protection Strategy","GOV-295","sq4jb6c6","https://app.eu.vanta.com/frameworks/dora?controlId=sq4jb6c6","The ICT risk management framework shall include at least strategies, policies, procedures, ICT protocols and tools that are necessary to duly and adequately protect all information assets and ICT assets, including computer software, hardware, servers, as well as to protect all relevant physical components and infrastructures, such as premises, data centres and sensitive designated areas, to ensure that all information assets and ICT assets are adequately protected from risks including damage and unauthorised access or usage.","No","Needs evidence","SECURITY_PRIVACY_GOVERNANCE",""
"Article 6","Article 6","Article 6.5 - ICT Risk Management Review and Improvement","GOV-296","pvzzz837","https://app.eu.vanta.com/frameworks/dora?controlId=pvzzz837","The ICT risk management framework shall be documented and reviewed at least once a year, or periodically in the case of microenterprises, as well as upon the occurrence of major ICT-related incidents, and following supervisory instructions or conclusions derived from relevant digital operational resilience testing or audit processes. It shall be continuously improved on the basis of lessons derived from implementation and monitoring. A report on the review of the ICT risk management framework shall be submitted to the competent authority upon its request.","No","Needs evidence","SECURITY_PRIVACY_GOVERNANCE",""
"Article 6","Article 6","Article 6.1 - Comprehensive ICT Risk Management Framework","RSK-148","i1mhg4sp","https://app.eu.vanta.com/frameworks/dora?controlId=i1mhg4sp","Financial entities shall have a sound, comprehensive and well-documented ICT risk management framework as part of their overall risk management system, which enables them to address ICT risk quickly, efficiently and comprehensively and to ensure a high level of digital operational resilience.","No","OK","RISK_MANAGEMENT",""
"Article 6","Article 6","Article 6.3 - ICT Risk Mitigation and Reporting","RSK-149","rnuzgu17","https://app.eu.vanta.com/frameworks/dora?controlId=rnuzgu17","In accordance with their ICT risk management framework, financial entities shall minimise the impact of ICT risk by deploying appropriate strategies, policies, procedures, ICT protocols and tools. They shall provide complete and updated information on ICT risk and on their ICT risk management framework to the competent authorities upon their request.","No","Needs evidence","RISK_MANAGEMENT",""
"Article 6","Article 6","Article 6.4 - ICT Risk Control Function","RSK-150","2yuxpcue","https://app.eu.vanta.com/frameworks/dora?controlId=2yuxpcue","Financial entities, other than microenterprises, shall assign the responsibility for managing and overseeing ICT risk to a control function and ensure an appropriate level of independence of such control function in order to avoid conflicts of interest. Financial entities shall ensure appropriate segregation and independence of ICT risk management functions, control functions, and internal audit functions, according to the three lines of defence model, or an internal risk management and control model.","No","OK","RISK_MANAGEMENT",""
"Article 6","Article 6","Article 6.8 - Digital Operational Resilience Strategy","RSK-151","mnf9hdb2","https://app.eu.vanta.com/frameworks/dora?controlId=mnf9hdb2","The ICT risk management framework shall include a digital operational resilience strategy setting out how the framework shall be implemented. To that end, the digital operational resilience strategy shall include methods to address ICT risk and attain specific ICT objectives, by: 

(a) explaining how the ICT risk management framework supports the financial entity’s business strategy and objectives;

(b) establishing the risk tolerance level for ICT risk, in accordance with the risk appetite of the financial entity, and analysing the impact tolerance for ICT disruptions; 

(c) setting out clear information security objectives, including key performance indicators and key risk metrics; 

(d) explaining the ICT reference architecture and any changes needed to reach specific business objectives; 

(e) outlining the different mechanisms put in place to detect ICT-related incidents, prevent their impact and provide protection from it; 

(f) evidencing the current digital operational resilience situation on the basis of the number of major ICT-related incidents reported and the effectiveness of preventive measures; 

(g) implementing digital operational resilience testing, in accordance with Chapter IV of this Regulation; 

(h) outlining a communication strategy in the event of ICT-related incidents the disclosure of which is required in accordance with Article 14.","No","Needs evidence","RISK_MANAGEMENT",""
"Article 6","Article 6","Article 6.9 - ICT Multi-Vendor Strategy","TPM-129","1yjg9rl0","https://app.eu.vanta.com/frameworks/dora?controlId=1yjg9rl0","Financial entities may, in the context of the digital operational resilience strategy referred to in paragraph 8 (Vanta Control - Article 6.8), define a holistic ICT multi-vendor strategy, at group or entity level, showing key dependencies on ICT third-party service providers and explaining the rationale behind the procurement mix of ICT third-party service providers. Financial entities may, in accordance with Union and national sectoral law, outsource the tasks of verifying compliance with ICT risk management requirements to intra-group or external undertakings. In case of such outsourcing, the financial entity remains fully responsible for the verification of compliance with the ICT risk management requirements.","No","Needs evidence","THIRD_PARTY_MANAGEMENT",""
"Article 7","Article 7","Article 7.1 - ICT systems, protocols and tools","RSK-152","esyr93hw","https://app.eu.vanta.com/frameworks/dora?controlId=esyr93hw","In order to address and manage ICT risk, financial entities shall use and maintain updated ICT systems, protocols and tools that are: 

(a) appropriate to the magnitude of operations supporting the conduct of their activities, in accordance with the proportionality principle as referred to in Article 4 (Article 4 principle of Proportionality says that Financial entities shall implement DORA taking into account their size and overall risk profile, and the nature, scale and complexity of their services, activities and operations); 

(b) reliable; 

(c) equipped with sufficient capacity to accurately process the data necessary for the performance of activities and the timely provision of services, and to deal with peak orders, message or transaction volumes, as needed, including where new technology is introduced; 

(d) technologically resilient in order to adequately deal with additional information processing needs as required under stressed market conditions or other adverse situations.","No","Needs evidence","RISK_MANAGEMENT",""
"Article 8","Article 8","Article 8.4 - Critical Asset Identification and Mapping","AST-137","9hsxolnv","https://app.eu.vanta.com/frameworks/dora?controlId=9hsxolnv","Financial entities shall identify all information assets and ICT assets, including those on remote sites, network resources and hardware equipment, and shall map those considered critical. They shall map the configuration of the information assets and ICT assets and the links and interdependencies between the different information assets and ICT assets.","No","Needs evidence","ASSET_MANAGEMENT",""
"Article 8","Article 8","Article 8.6 - Inventory Management and Updates","AST-138","1nftphd5","https://app.eu.vanta.com/frameworks/dora?controlId=1nftphd5","For the purposes of paragraphs 1, 4 and 5 (Vanta Controls - Article 8.1, 8.4, 8.5), financial entities shall maintain relevant inventories and update them periodically and every time any major change as referred to in paragraph 3 (Vanta Control - Article 8.3) occurs.","No","Needs evidence","ASSET_MANAGEMENT",""
"Article 8","Article 8","Article 8.1 - ICT Supported Business Functions","CPL-195","55qrotmn","https://app.eu.vanta.com/frameworks/dora?controlId=55qrotmn","As part of the ICT risk management framework referred to in Article 6(1), financial entities shall identify, classify and adequately document all ICT supported business functions, roles and responsibilities, the information assets and ICT assets supporting those functions, and their roles and dependencies in relation to ICT risk. Financial entities shall review as needed, and at least yearly, the adequacy of this classification and of any relevant documentation.","No","Needs evidence","COMPLIANCE",""
"Article 8","Article 8","Article 8.2 - Continuous ICT Risk Identification","GOV-297","u3ch9w20","https://app.eu.vanta.com/frameworks/dora?controlId=u3ch9w20","Financial entities shall, on a continuous basis, identify all sources of ICT risk, in particular the risk exposure to and from other financial entities, and assess cyber threats and ICT vulnerabilities relevant to their ICT supported business functions, information assets and ICT assets. Financial entities shall review on a regular basis, and at least yearly, the risk scenarios impacting them.","No","Needs evidence","SECURITY_PRIVACY_GOVERNANCE",""
"Article 8","Article 8","Article 8.3 - ICT Risk Assessment","RSK-153","odk6tc4s","https://app.eu.vanta.com/frameworks/dora?controlId=odk6tc4s","Financial entities, other than microenterprises, shall perform a risk assessment upon each major change in the network and information system infrastructure, in the processes or procedures affecting their ICT supported business functions, information assets or ICT assets.","No","OK","RISK_MANAGEMENT",""
"Article 8","Article 8","Article 8.5 - ICT Third-Party Service Dependency Management","RSK-154","20raklcv","https://app.eu.vanta.com/frameworks/dora?controlId=20raklcv","Financial entities shall identify and document all processes that are dependent on ICT third-party service providers, and shall identify interconnections with ICT third-party service providers that provide services that support critical or important functions.","No","Needs evidence","RISK_MANAGEMENT",""
"Article 8","Article 8","Article 8.7 - Legacy Systems Risk Assessment","RSK-155","1ci54hnb","https://app.eu.vanta.com/frameworks/dora?controlId=1ci54hnb","Financial entities, other than microenterprises, shall on a regular basis, and at least yearly, conduct a specific ICT risk assessment on all legacy ICT systems and, in any case before and after connecting technologies, applications or systems.","No","Needs evidence","RISK_MANAGEMENT",""
"Article 9","Article 9","Article 9.2 - ICT Security Policy Implementation","GOV-298","u10sx7ua","https://app.eu.vanta.com/frameworks/dora?controlId=u10sx7ua","Financial entities shall design, procure and implement ICT security policies, procedures, protocols and tools that aim to ensure the resilience, continuity and availability of ICT systems, in particular for those supporting critical or important functions, and to maintain high standards of availability, authenticity, integrity and confidentiality of data, whether at rest, in use or in transit.","No","Needs evidence","SECURITY_PRIVACY_GOVERNANCE",""
"Article 9","Article 9","Article 9.4 - Policies and documented information","GOV-299","18zs4mve","https://app.eu.vanta.com/frameworks/dora?controlId=18zs4mve","As part of the ICT risk management framework referred to in Article 6(1), financial entities shall: 

(a) develop and document an information security policy defining rules to protect the availability, authenticity, integrity and confidentiality of data, information assets and ICT assets, including those of their customers, where applicable; 

(b) following a risk-based approach, establish a sound network and infrastructure management structure using appropriate techniques, methods and protocols that may include implementing automated mechanisms to isolate affected information assets in the event of cyber-attacks; 

(c) implement policies that limit the physical or logical access to information assets and ICT assets to what is required for legitimate and approved functions and activities only, and establish to that end a set of policies, procedures and controls that address access rights and ensure a sound administration thereof; 

(d) implement policies and protocols for strong authentication mechanisms, based on relevant standards and dedicated control systems, and protection measures of cryptographic keys whereby data is encrypted based on results of approved data classification and ICT risk assessment processes; 

(e) implement documented policies, procedures and controls for ICT change management, including changes to software, hardware, firmware components, systems or security parameters, that are based on a risk assessment approach and are an integral part of the financial entity’s overall change management process, in order to ensure that all changes to ICT systems are recorded, tested, assessed, approved, implemented and verified in a controlled manner; 

(f) have appropriate and comprehensive documented policies for patches and updates. For the purposes of the first subparagraph, point (b), financial entities shall design the network connection infrastructure in a way that allows it to be instantaneously severed or segmented in order to minimise and prevent contagion, especially for interconnected financial processes. For the purposes of the first subparagraph, point (e), the ICT change management process shall be approved by appropriate lines of management and shall have specific protocols in place.","No","Needs evidence","SECURITY_PRIVACY_GOVERNANCE",""
"Article 9","Article 9","Article 9.1 - ICT Systems Security Monitoring","MON-299","xhv48y91","https://app.eu.vanta.com/frameworks/dora?controlId=xhv48y91","For the purposes of adequately protecting ICT systems and with a view to organising response measures, financial entities shall continuously monitor and control the security and functioning of ICT systems and tools and shall minimise the impact of ICT risk on ICT systems through the deployment of appropriate ICT security tools, policies and procedures.","No","Needs evidence","CONTINUOUS_MONITORING",""
"Article 9","Article 9","Article 9.3 - Appropriate ICT Solutions and Processes","MON-300","r0ahvcmr","https://app.eu.vanta.com/frameworks/dora?controlId=r0ahvcmr","In order to achieve the objectives referred to in paragraph 2 (Vanta Control - Article 9.2), financial entities shall use ICT solutions and processes that are appropriate in accordance with Article 4 (Article 4 principle of Proportionality says that Financial entities shall implement DORA taking into account their size and overall risk profile, and the nature, scale and complexity of their services, activities and operations). Those ICT solutions and processes shall: 

(a) ensure the security of the means of transfer of data; 

(b) minimise the risk of corruption or loss of data, unauthorised access and technical flaws that may hinder business activity; 

(c) prevent the lack of availability, the impairment of the authenticity and integrity, the breaches of confidentiality and the loss of data; 

(d) ensure that data is protected from risks arising from data management, including poor administration, processingrelated risks and human error.","No","Needs evidence","CONTINUOUS_MONITORING",""
"Article 10","Article 10","Article 10.1 - Anomalous Activity Detection","OPS-54","mksrj75b","https://app.eu.vanta.com/frameworks/dora?controlId=mksrj75b","Financial entities shall have in place mechanisms to promptly detect anomalous activities, in accordance with Article 17, including ICT network performance issues and ICT-related incidents, and to identify potential material single points of failure. All detection mechanisms referred to in the first subparagraph shall be regularly tested in accordance with Article 25.","No","Needs evidence","SECURITY_OPERATIONS",""
"Article 10","Article 10","Article 10.2 - Multi-Layered Detection Mechanisms","OPS-55","o4bdwpxn","https://app.eu.vanta.com/frameworks/dora?controlId=o4bdwpxn","The detection mechanisms referred to in paragraph 1 (Vanta Control - Article 10.1) shall enable multiple layers of control, define alert thresholds and criteria to trigger and initiate ICT-related incident response processes, including automatic alert mechanisms for relevant staff in charge of ICT-related incident response.","No","Needs evidence","SECURITY_OPERATIONS",""
"Article 10","Article 10","Article 10.3 - User Activity Monitoring","OPS-56","7e8p3ln7","https://app.eu.vanta.com/frameworks/dora?controlId=7e8p3ln7","Financial entities shall devote sufficient resources and capabilities to monitor user activity, the occurrence of ICT anomalies and ICT-related incidents, in particular cyber-attacks.","No","Needs evidence","SECURITY_OPERATIONS",""
"Article 10","Article 10","Article 10.4 - Trade Reports Integrity","OPS-57","z4koisk8","https://app.eu.vanta.com/frameworks/dora?controlId=z4koisk8","Data reporting service providers shall, in addition, have in place systems that can effectively check trade reports for completeness, identify omissions and obvious errors, and request re-transmission of those reports.","No","Needs evidence","SECURITY_OPERATIONS",""
"Article 11","Article 11","Article 11.1 - ICT Business Continuity Policy Development","BCD-162","ou8rl4dg","https://app.eu.vanta.com/frameworks/dora?controlId=ou8rl4dg","As part of the ICT risk management framework referred to in Article 6(1) and based on the identification requirements set out in Article 8, financial entities shall put in place a comprehensive ICT business continuity policy, which may be adopted as a dedicated specific policy, forming an integral part of the overall business continuity policy of the financial entity.","No","Needs evidence","BUSINESS_CONTINUITY_DISASTER_RECOVERY",""
"Article 11","Article 11","Article 11.2 - ICT Business Continuity Implementation","BCD-163","bpebubhh","https://app.eu.vanta.com/frameworks/dora?controlId=bpebubhh","Financial entities shall implement the ICT business continuity policy through dedicated, appropriate and documented arrangements, plans, procedures and mechanisms aiming to: 

(a) ensure the continuity of the financial entity’s critical or important functions; 

(b) quickly, appropriately and effectively respond to, and resolve, all ICT-related incidents in a way that limits damage and prioritises the resumption of activities and recovery actions; 

(c) activate, without delay, dedicated plans that enable containment measures, processes and technologies suited to each type of ICT-related incident and prevent further damage, as well as tailored response and recovery procedures established in accordance with Article 12; 

(d) estimate preliminary impacts, damages and losses; 

(e) set out communication and crisis management actions that ensure that updated information is transmitted to all relevant internal staff and external stakeholders in accordance with Article 14, and report to the competent authorities in accordance with Article 19.","No","Needs evidence","BUSINESS_CONTINUITY_DISASTER_RECOVERY",""
"Article 11","Article 11","Article 11.3 - ICT Response and Recovery Planning","BCD-164","w6iiy1gp","https://app.eu.vanta.com/frameworks/dora?controlId=w6iiy1gp","As part of the ICT risk management framework referred to in Article 6(1), financial entities shall implement associated ICT response and recovery plans which, in the case of financial entities other than microenterprises, shall be subject to independent internal audit reviews.","No","Needs evidence","BUSINESS_CONTINUITY_DISASTER_RECOVERY",""
"Article 11","Article 11","Article 11.4 - ICT Business Continuity Testing","BCD-165","su2zola0","https://app.eu.vanta.com/frameworks/dora?controlId=su2zola0","Financial entities shall put in place, maintain and periodically test appropriate ICT business continuity plans, notably with regard to critical or important functions outsourced or contracted through arrangements with ICT third-party service providers.","No","Needs evidence","BUSINESS_CONTINUITY_DISASTER_RECOVERY",""
"Article 11","Article 11","Article 11.5 - Business Impact Analysis (BIA) Execution","BCD-166","x5xodhv4","https://app.eu.vanta.com/frameworks/dora?controlId=x5xodhv4","As part of the overall business continuity policy, financial entities shall conduct a business impact analysis (BIA) of their exposures to severe business disruptions. Under the BIA, financial entities shall assess the potential impact of severe business disruptions by means of quantitative and qualitative criteria, using internal and external data and scenario analysis, as appropriate. The BIA shall consider the criticality of identified and mapped business functions, support processes, third-party dependencies and information assets, and their interdependencies. Financial entities shall ensure that ICT assets and ICT services are designed and used in full alignment with the BIA, in particular with regard to adequately ensuring the redundancy of all critical components.","No","Needs evidence","BUSINESS_CONTINUITY_DISASTER_RECOVERY",""
"Article 11","Article 11","Article 11.6 - ICT Continuity and Recovery Testing","BCD-167","0llx2j1z","https://app.eu.vanta.com/frameworks/dora?controlId=0llx2j1z","As part of their comprehensive ICT risk management, financial entities shall: 

(a) test the ICT business continuity plans and the ICT response and recovery plans in relation to ICT systems supporting all functions at least yearly, as well as in the event of any substantive changes to ICT systems supporting critical or important functions; 

(b) test the crisis communication plans established in accordance with Article 1For the purposes of the first subparagraph, point (a), financial entities, other than microenterprises, shall include in the testing plans scenarios of cyber-attacks and switchovers between the primary ICT infrastructure and the redundant capacity, backups and redundant facilities necessary to meet the obligations set out in Article 1 Financial entities shall regularly review their ICT business continuity policy and ICT response and recovery plans, taking into account the results of tests carried out in accordance with the first subparagraph and recommendations stemming from audit checks or supervisory reviews.","No","Needs evidence","BUSINESS_CONTINUITY_DISASTER_RECOVERY",""
"Article 11","Article 11","Article 11.7 - Crisis Management Function","BCD-168","lmrwognj","https://app.eu.vanta.com/frameworks/dora?controlId=lmrwognj","Financial entities, other than microenterprises, shall have a crisis management function, which, in the event of activation of their ICT business continuity plans or ICT response and recovery plans, shall, inter alia, set out clear procedures to manage internal and external crisis communications in accordance with Article 14.","No","Needs evidence","BUSINESS_CONTINUITY_DISASTER_RECOVERY",""
"Article 11","Article 11","Article 11.8 - Disruption Event Records Management","BCD-169","9qceze8d","https://app.eu.vanta.com/frameworks/dora?controlId=9qceze8d","Financial entities shall keep readily accessible records of activities before and during disruption events when their ICT business continuity plans and ICT response and recovery plans are activated.","No","Needs evidence","BUSINESS_CONTINUITY_DISASTER_RECOVERY",""
"Article 11","Article 11","Article 11.9 - ICT Business Continuity Tests Results","BCD-170","bynbxsoc","https://app.eu.vanta.com/frameworks/dora?controlId=bynbxsoc","Central securities depositories shall provide the competent authorities with copies of the results of the ICT business continuity tests, or of similar exercises. Financial entities, other than microenterprises, shall report to the competent authorities, upon their request, an estimation of aggregated annual costs and losses caused by major ICT-related incidents. In accordance with Article 16 of Regulations (EU) No 1093/2010, (EU) No 1094/2010 and (EU) No 1095/2010, the ESAs, through the Joint Committee, shall by 17 July 2024 develop common guidelines on the estimation of aggregated annual costs and losses referred to in paragraph 10.","No","Needs evidence","BUSINESS_CONTINUITY_DISASTER_RECOVERY",""
"Article 12","Article 12","Article 12.1 - Backup Policies and Procedures Development","BCD-171","fjnl29es","https://app.eu.vanta.com/frameworks/dora?controlId=fjnl29es","For the purpose of ensuring the restoration of ICT systems and data with minimum downtime, limited disruption and loss, as part of their ICT risk management framework, financial entities shall develop and document: 

(a) backup policies and procedures specifying the scope of the data that is subject to the backup and the minimum frequency of the backup, based on the criticality of information or the confidentiality level of the data; 

(b) restoration and recovery procedures and methods.","No","Needs evidence","BUSINESS_CONTINUITY_DISASTER_RECOVERY",""
"Article 12","Article 12","Article 12.2 - Activation of Backup Systems","BCD-172","4kd6sbjc","https://app.eu.vanta.com/frameworks/dora?controlId=4kd6sbjc","Financial entities shall set up backup systems that can be activated in accordance with the backup policies and procedures, as well as restoration and recovery procedures and methods. The activation of backup systems shall not jeopardise the security of the network and information systems or the availability, authenticity, integrity or confidentiality of data. Testing of the backup procedures and restoration and recovery procedures and methods shall be undertaken periodically.","No","Needs evidence","BUSINESS_CONTINUITY_DISASTER_RECOVERY",""
"Article 12","Article 12","Article 12.3 - Secure Backup Data Restoration","BCD-173","0qu84je7","https://app.eu.vanta.com/frameworks/dora?controlId=0qu84je7","When restoring backup data using own systems, financial entities shall use ICT systems that are physically and logically segregated from the source ICT system. The ICT systems shall be securely protected from any unauthorised access or ICT corruption and allow for the timely restoration of services making use of data and system backups as necessary. For central counterparties, the recovery plans shall enable the recovery of all transactions at the time of disruption to allow the central counterparty to continue to operate with certainty and to complete settlement on the scheduled date. Data reporting service providers shall additionally maintain adequate resources and have back-up and restoration facilities in place in order to offer and maintain their services at all times.","No","Needs evidence","BUSINESS_CONTINUITY_DISASTER_RECOVERY",""
"Article 12","Article 12","Article 12.4 - Redundant ICT Capacity Management","BCD-174","l12nq4l1","https://app.eu.vanta.com/frameworks/dora?controlId=l12nq4l1","Financial entities, other than microenterprises, shall maintain redundant ICT capacities equipped with resources, capabilities and functions that are adequate to ensure business needs. Microenterprises shall assess the need to maintain such redundant ICT capacities based on their risk profile.","No","Needs evidence","BUSINESS_CONTINUITY_DISASTER_RECOVERY",""
"Article 12","Article 12","Article 12.5 - Secondary Processing Site Requirements","BCD-175","1qaryht1","https://app.eu.vanta.com/frameworks/dora?controlId=1qaryht1","Central securities depositories shall maintain at least one secondary processing site endowed with adequate resources, capabilities, functions and staffing arrangements to ensure business needs. The secondary processing site shall be: 

(a) located at a geographical distance from the primary processing site to ensure that it bears a distinct risk profile and to prevent it from being affected by the event which has affected the primary site; 

(b) capable of ensuring the continuity of critical or important functions identically to the primary site, or providing the level of services necessary to ensure that the financial entity performs its critical operations within the recovery objectives; 

(c) immediately accessible to the financial entity’s staff to ensure continuity of critical or important functions in the event that the primary processing site has become unavailable.","No","Needs evidence","BUSINESS_CONTINUITY_DISASTER_RECOVERY",""
"Article 12","Article 12","Article 12.7 - Data Integrity Checks During Recovery","BCD-176","izkq9oey","https://app.eu.vanta.com/frameworks/dora?controlId=izkq9oey","When recovering from an ICT-related incident, financial entities shall perform necessary checks, including any multiple checks and reconciliations, in order to ensure that the highest level of data integrity is maintained. These checks shall also be performed when reconstructing data from external stakeholders, in order to ensure that all data is consistent between systems.","No","Needs evidence","BUSINESS_CONTINUITY_DISASTER_RECOVERY",""
"Article 12","Article 12","Article 12.6 - Recovery Time and Point Objectives","CAP-19","rnowfgkw","https://app.eu.vanta.com/frameworks/dora?controlId=rnowfgkw","In determining the recovery time and recovery point objectives for each function, financial entities shall take into account whether it is a critical or important function and the potential overall impact on market efficiency. Such time objectives shall ensure that, in extreme scenarios, the agreed service levels are met.","No","Needs evidence","CAPACITY_PERFORMANCE_PLANNING",""
"Article 13","Article 13","Article 13.5 - Digital Resilience Testing Reports","BCD-177","5mwydf8v","https://app.eu.vanta.com/frameworks/dora?controlId=5mwydf8v","Senior ICT staff shall report at least yearly to the management body on the findings referred to in paragraph 3 (Vanta Control - Article 13.3) and put forward recommendations.","No","Needs evidence","BUSINESS_CONTINUITY_DISASTER_RECOVERY",""
"Article 13","Article 13","Article 13.7 - Technological Developments Monitoring","CPL-196","ezrvdpfc","https://app.eu.vanta.com/frameworks/dora?controlId=ezrvdpfc","Financial entities, other than microenterprises, shall monitor relevant technological developments on a continuous basis, also with a view to understanding the possible impact of the deployment of such new technologies on ICT security requirements and digital operational resilience. They shall keep up-to-date with the latest ICT risk management processes, in order to effectively combat current or new forms of cyber-attacks.","No","Needs evidence","COMPLIANCE",""
"Article 13","Article 13","Article 13.2 - Post-Incident Review Process","IRO-230","sl6z8nkk","https://app.eu.vanta.com/frameworks/dora?controlId=sl6z8nkk","Financial entities shall put in place post ICT-related incident reviews after a major ICT-related incident disrupts their core activities, analysing the causes of disruption and identifying required improvements to the ICT operations or within the ICT business continuity policy referred to in Article 1 Financial entities, other than microenterprises, shall, upon request, communicate to the competent authorities, the changes that were implemented following post ICT-related incident reviews as referred to in the first subparagraph. The post ICT-related incident reviews referred to in the first subparagraph shall determine whether the established procedures were followed and the actions taken were effective, including in relation to the following: 

(a) the promptness in responding to security alerts and determining the impact of ICT-related incidents and their severity; 

(b) the quality and speed of performing a forensic analysis, where deemed appropriate; 

(c) the effectiveness of incident escalation within the financial entity; 

(d) the effectiveness of internal and external communication.","No","Needs evidence","INCIDENT_RESPONSE",""
"Article 13","Article 13","Article 13.3 - Digital Resilience Testing and Improvement","IRO-231","244lrf5t","https://app.eu.vanta.com/frameworks/dora?controlId=244lrf5t","Lessons derived from the digital operational resilience testing carried out in accordance with Articles 26 and 27 and from real life ICT-related incidents, in particular cyber-attacks, along with challenges faced upon the activation of ICT business continuity plans and ICT response and recovery plans, together with relevant information exchanged with counterparts and assessed during supervisory reviews, shall be duly incorporated on a continuous basis into the ICT risk assessment process. Those findings shall form the basis for appropriate reviews of relevant components of the ICT risk management framework referred to in Article 6(1).","No","Needs evidence","INCIDENT_RESPONSE",""
"Article 13","Article 13","Article 13.4 - Monitoring Digital Operational Resilience","RSK-156","ntb4ntox","https://app.eu.vanta.com/frameworks/dora?controlId=ntb4ntox","Financial entities shall monitor the effectiveness of the implementation of their digital operational resilience strategy set out in Article 6(8). They shall map the evolution of ICT risk over time, analyse the frequency, types, magnitude and evolution of ICT-related incidents, in particular cyber-attacks and their patterns, with a view to understanding the level of ICT risk exposure, in particular in relation to critical or important functions, and enhance the cyber maturity and preparedness of the financial entity.","No","Needs evidence","RISK_MANAGEMENT",""
"Article 13","Article 13","Article 13.6 - ICT Security Awareness and Training Programs","RSK-157","oowmd7y5","https://app.eu.vanta.com/frameworks/dora?controlId=oowmd7y5","Financial entities shall develop ICT security awareness programmes and digital operational resilience training as compulsory modules in their staff training schemes. Those programmes and training shall be applicable to all employees and to senior management staff, and shall have a level of complexity commensurate to the remit of their functions. Where appropriate, financial entities shall also include ICT third-party service providers in their relevant training schemes in accordance with Article 30(2), point (i).","No","OK","RISK_MANAGEMENT",""
"Article 13","Article 13","Article 13.1 - Cyber Threat Information Gathering","VPM-158","73s8vmq3","https://app.eu.vanta.com/frameworks/dora?controlId=73s8vmq3","Financial entities shall have in place capabilities and staff to gather information on vulnerabilities and cyber threats, ICT-related incidents, in particular cyber-attacks, and analyse the impact they are likely to have on their digital operational resilience.","No","Needs evidence","VULNERABILITY_PATCH_MANAGEMENT",""
"Article 14","Article 14","Article 14.2 - ICT Incident Communication Policies","CPL-197","4yocwtmf","https://app.eu.vanta.com/frameworks/dora?controlId=4yocwtmf","As part of the ICT risk management framework, financial entities shall implement communication policies for internal staff and for external stakeholders. Communication policies for staff shall take into account the need to differentiate between staff involved in ICT risk management, in particular the staff responsible for response and recovery, and staff that needs to be informed.","No","Needs evidence","COMPLIANCE",""
"Article 14","Article 14","Article 14.3 - Communication strategy implementation","CPL-198","2brtqq5p","https://app.eu.vanta.com/frameworks/dora?controlId=2brtqq5p","At least one person in the financial entity shall be tasked with implementing the communication strategy for ICT related incidents and fulfil the public and media function for that purpose.","No","Needs evidence","COMPLIANCE",""
"Article 14","Article 14","Article 14.1 - Crisis Communication Planning","SAT-88","suiqplaf","https://app.eu.vanta.com/frameworks/dora?controlId=suiqplaf","As part of the ICT risk management framework referred to in Article 6(1), financial entities shall have in place crisis communication plans enabling a responsible disclosure of, at least, major ICT-related incidents or vulnerabilities to clients and counterparts as well as to the public, as appropriate.","No","Needs evidence","SECURITY_AWARENESS_TRAINING",""
"Article 16","Article 16","Article 16.2 - Simplified ICT Risk Management Framework Process","IRO-232","04u5lkwu","https://app.eu.vanta.com/frameworks/dora?controlId=04u5lkwu","The ICT risk management framework referred to in paragraph 1 (Vanta Control - Article 16.1), second subparagraph, point (a), shall be documented and reviewed periodically and upon the occurrence of major ICT-related incidents in compliance with supervisory instructions. It shall be continuously improved on the basis of lessons derived from implementation and monitoring. A report on the review of the ICT risk management framework shall be submitted to the competent authority upon its request.","No","Needs evidence","INCIDENT_RESPONSE",""
"Article 16","Article 16","Article 16.1 - Simplified ICT Risk Management Framework","RSK-158","k9rh792e","https://app.eu.vanta.com/frameworks/dora?controlId=k9rh792e","Articles 5 to 15 of this Regulation shall not apply to small and non-interconnected investment firms, payment institutions exempted pursuant to Directive (EU) 2015/2366; institutions exempted pursuant to Directive 2013/36/EU in respect of which Member States have decided not to apply the option referred to in Article 2(4) of this Regulation; electronic money institutions exempted pursuant to Directive 2009/110/EC; and small institutions for occupational retirement provision. Without prejudice to the first subparagraph, the entities listed in the first subparagraph shall: 

(a) put in place and maintain a sound and documented ICT risk management framework that details the mechanisms and measures aimed at a quick, efficient and comprehensive management of ICT risk, including for the protection of relevant physical components and infrastructures; 

(b) continuously monitor the security and functioning of all ICT systems; 

(c) minimise the impact of ICT risk through the use of sound, resilient and updated ICT systems, protocols and tools which are appropriate to support the performance of their activities and the provision of services and adequately protect availability, authenticity, integrity and confidentiality of data in the network and information systems; 

(d) allow sources of ICT risk and anomalies in the network and information systems to be promptly identified and detected and ICT-related incidents to be swiftly handled; 

(e) identify key dependencies on ICT third-party service providers; 

(f) ensure the continuity of critical or important functions, through business continuity plans and response and recovery measures, which include, at least, back-up and restoration measures; 

(g) test, on a regular basis, the plans and measures referred to in point (f), as well as the effectiveness of the controls implemented in accordance with points (a) and (c); 

(h) implement, as appropriate, relevant operational conclusions resulting from the tests referred to in point (g) and from post-incident analysis into the ICT risk assessment process and develop, according to needs and ICT risk profile, ICT security awareness programmes and digital operational resilience training for staff and management.","No","Needs evidence","RISK_MANAGEMENT",""
"Article 17","Article 17","Article 17.1 - ICT Incident Management Process","IRO-234","c8eucs8d","https://app.eu.vanta.com/frameworks/dora?controlId=c8eucs8d","Financial entities shall define, establish and implement an ICT-related incident management process to detect, manage and notify ICT-related incidents.","No","Needs evidence","INCIDENT_RESPONSE",""
"Article 17","Article 17","Article 17.2 - ICT Incidents Records","IRO-235","cbj68kjd","https://app.eu.vanta.com/frameworks/dora?controlId=cbj68kjd","Financial entities shall record all ICT-related incidents and significant cyber threats. Financial entities shall establish appropriate procedures and processes to ensure a consistent and integrated monitoring, handling and follow-up of ICT related incidents, to ensure that root causes are identified, documented and addressed in order to prevent the occurrence of such incidents.","No","Needs evidence","INCIDENT_RESPONSE",""
"Article 17","Article 17","Article 17.3 - ICT Incident Management Process Content","IRO-236","010ll6yi","https://app.eu.vanta.com/frameworks/dora?controlId=010ll6yi","The ICT-related incident management process referred to in paragraph 1 (Vanta Control - Article 17.1) shall: 

(a) put in place early warning indicators; 

(b) establish procedures to identify, track, log, categorise and classify ICT-related incidents according to their priority and severity and according to the criticality of the services impacted, in accordance with the criteria set out in Article 18(1); 

(c) assign roles and responsibilities that need to be activated for different ICT-related incident types and scenarios; 

(d) set out plans for communication to staff, external stakeholders and media in accordance with Article 14 and for notification to clients, for internal escalation procedures, including ICT-related customer complaints, as well as for the provision of information to financial entities that act as counterparts, as appropriate; 

(e) ensure that at least major ICT-related incidents are reported to relevant senior management and inform the management body of at least major ICT-related incidents, explaining the impact, response and additional controls to be established as a result of such ICT-related incidents; 

(f) establish ICT-related incident response procedures to mitigate impacts and ensure that services become operational and secure in a timely manner.","No","Needs evidence","INCIDENT_RESPONSE",""
"Article 18","Article 18","Article 18.1 - ICT Incidents and Cyber threats Classification","IRO-237","y4akut63","https://app.eu.vanta.com/frameworks/dora?controlId=y4akut63","Financial entities shall classify ICT-related incidents and shall determine their impact based on the following criteria: 

(a) the number and/or relevance of clients or financial counterparts affected and, where applicable, the amount or number of transactions affected by the ICT-related incident, and whether the ICT-related incident has caused reputational impact; 

(b) the duration of the ICT-related incident, including the service downtime; 

(c) the geographical spread with regard to the areas affected by the ICT-related incident, particularly if it affects more than two Member States; 

(d) the data losses that the ICT-related incident entails, in relation to availability, authenticity, integrity or confidentiality of data; 

(e) the criticality of the services affected, including the financial entity’s transactions and operations; 

(f) the economic impact, in particular direct and indirect costs and losses, of the ICT-related incident in both absolute and relative terms.","No","Needs evidence","INCIDENT_RESPONSE",""
"Article 18","Article 18","Article 18.2 - Service Criticality Classification","IRO-238","xm8uv9sk","https://app.eu.vanta.com/frameworks/dora?controlId=xm8uv9sk","Financial entities shall classify cyber threats as significant based on the criticality of the services at risk, including the financial entity’s transactions and operations, number and/or relevance of clients or financial counterparts targeted and the geographical spread of the areas at risk.","No","Needs evidence","INCIDENT_RESPONSE",""
"Article 19","Article 19","Article 19.4 - Incident Reporting Timelines and Processes","CPL-200","yyxof3os","https://app.eu.vanta.com/frameworks/dora?controlId=yyxof3os","Financial entities shall, within the time limits to be laid down in accordance with Article 20, first paragraph (Vanta Control - Article 20.1), point (a), point (ii), submit the following to the relevant competent authority: 

(a) an initial notification; 

(b) an intermediate report after the initial notification referred to in point (a), as soon as the status of the original incident has changed significantly or the handling of the major ICT-related incident has changed based on new information available, followed, as appropriate, by updated notifications every time a relevant status update is available, as well as upon a specific request of the competent authority; 

(c) a final report, when the root cause analysis has been completed, regardless of whether mitigation measures have already been implemented, and when the actual impact figures are available to replace estimates.","No","Needs evidence","COMPLIANCE",""
"Article 19","Article 19","Article 19.5 - Outsourcing of Reporting Obligations","CPL-201","bzbpx6he","https://app.eu.vanta.com/frameworks/dora?controlId=bzbpx6he","Financial entities may outsource, in accordance with Union and national sectoral law, the reporting obligations under this Article to a third-party service provider. In case of such outsourcing, the financial entity remains fully responsible for the fulfilment of the incident reporting requirements.","No","Needs evidence","COMPLIANCE",""
"Article 19","Article 19","Article 19.1 - Major ICT Incident Reporting Obligations","IRO-241","mss88he3","https://app.eu.vanta.com/frameworks/dora?controlId=mss88he3","Financial entities shall report major ICT-related incidents to the relevant competent authority as referred to in Article 46 in accordance with paragraph 4 (Vanta Control - Article 18.4) of this Article. Where a financial entity is subject to supervision by more than one national competent authority referred to in Article 46, Member States shall designate a single competent authority as the relevant competent authority responsible for carrying out the functions and duties provided for in this Article. Credit institutions classified as significant, in accordance with Article 6(4) of Regulation (EU) No 1024/2013, shall report major ICT-related incidents to the relevant national competent authority designated in accordance with Article 4 of Directive 2013/36/EU, which shall immediately transmit that report to the ECB. For the purpose of the first subparagraph, financial entities shall produce, after collecting and analysing all relevant information, the initial notification and reports referred to in paragraph 4 (Vanta Control - Article 18.4) of this Article using the templates referred to in Article 20 and submit them to the competent authority. In the event that a technical impossibility prevents the submission of the initial notification using the template, financial entities shall notify the competent authority about it via alternative means. The initial notification and reports referred to in paragraph 4 (Vanta Control - Article 18.4) shall include all information necessary for the competent authority to determine the significance of the major ICT-related incident and assess possible cross-border impacts. Without prejudice to the reporting pursuant to the first subparagraph by the financial entity to the relevant competent authority, Member States may additionally determine that some or all financial entities shall also provide the initial notification and each report referred to in paragraph 4 of this Article using the templates referred to in Article 20 to the competent authorities or the computer security incident response teams (CSIRTs) designated or established in accordance with Directive (EU) 2022/2555.","No","Needs evidence","INCIDENT_RESPONSE",""
"Article 19","Article 19","Article 19.2 - Voluntary Cyber Threat Notification","IRO-242","9n8qq3c5","https://app.eu.vanta.com/frameworks/dora?controlId=9n8qq3c5","Financial entities may, on a voluntary basis, notify significant cyber threats to the relevant competent authority when they deem the threat to be of relevance to the financial system, service users or clients. The relevant competent authority may provide such information to other relevant authorities referred to in paragraph Credit institutions classified as significant, in accordance with Article 6(4) of Regulation (EU) No 1024/2013, may, on a voluntary basis, notify significant cyber threats to relevant national competent authority, designated in accordance with Article 4 of Directive 2013/36/EU, which shall immediately transmit the notification to the ECB. Member States may determine that those financial entities that on a voluntary basis notify in accordance with the first subparagraph may also transmit that notification to the CSIRTs designated or established in accordance with Directive (EU) 2022/2555.","No","Needs evidence","INCIDENT_RESPONSE",""
"Article 19","Article 19","Article 19.3 - Client Communication on ICT Incidents","IRO-243","d0zblfx6","https://app.eu.vanta.com/frameworks/dora?controlId=d0zblfx6","Where a major ICT-related incident occurs and has an impact on the financial interests of clients, financial entities shall, without undue delay as soon as they become aware of it, inform their clients about the major ICT-related incident and about the measures that have been taken to mitigate the adverse effects of such incident. In the case of a significant cyber threat, financial entities shall, where applicable, inform their clients that are potentially affected of any appropriate protection measures which the latter may consider taking.","No","Needs evidence","INCIDENT_RESPONSE",""
"Article 24","Article 24","Article 24.1 - Digital Operational Resilience Testing Requirements","VPM-159","bqmx6563","https://app.eu.vanta.com/frameworks/dora?controlId=bqmx6563","For the purpose of assessing preparedness for handling ICT-related incidents, of identifying weaknesses, deficiencies and gaps in digital operational resilience, and of promptly implementing corrective measures, financial entities, other than microenterprises, shall, taking into account the criteria set out in Article 4(2), establish, maintain and review a sound and comprehensive digital operational resilience testing programme as an integral part of the ICT risk-management framework referred to in Article 6.","No","Needs evidence","VULNERABILITY_PATCH_MANAGEMENT",""
"Article 24","Article 24","Article 24.2 - Digital Operational Resilience Testing Programme","VPM-160","9pfzdntg","https://app.eu.vanta.com/frameworks/dora?controlId=9pfzdntg","The digital operational resilience testing programme shall include a range of assessments, tests, methodologies, practices and tools to be applied in accordance with Articles 25 and 26.","No","Needs evidence","VULNERABILITY_PATCH_MANAGEMENT",""
"Article 24","Article 24","Article 24.3 - Digital Operational Resilience Testing","VPM-161","ghpxjey3","https://app.eu.vanta.com/frameworks/dora?controlId=ghpxjey3","When conducting the digital operational resilience testing programme referred to in paragraph 1 (Vanta Control - Article 24.1) of this Article, financial entities, other than microenterprises, shall follow a risk-based approach taking into account the criteria set out in Article 4(2) duly considering the evolving landscape of ICT risk, any specific risks to which the financial entity concerned is or might be exposed, the criticality of information assets and of services provided, as well as any other factor the financial entity deems appropriate.","No","Needs evidence","VULNERABILITY_PATCH_MANAGEMENT",""
"Article 24","Article 24","Article 24.4 - Testing Independence","VPM-162","t5n4n4ok","https://app.eu.vanta.com/frameworks/dora?controlId=t5n4n4ok","Financial entities, other than microenterprises, shall ensure that tests are undertaken by independent parties, whether internal or external. Where tests are undertaken by an internal tester, financial entities shall dedicate sufficient resources and ensure that conflicts of interest are avoided throughout the design and execution phases of the test.","No","Needs evidence","VULNERABILITY_PATCH_MANAGEMENT",""
"Article 24","Article 24","Article 24.5 - Testing Remediation","VPM-163","e3ykecfq","https://app.eu.vanta.com/frameworks/dora?controlId=e3ykecfq","Financial entities, other than microenterprises, shall establish procedures and policies to prioritise, classify and remedy all issues revealed throughout the performance of the tests and shall establish internal validation methodologies to ascertain that all identified weaknesses, deficiencies or gaps are fully addressed.","No","Needs evidence","VULNERABILITY_PATCH_MANAGEMENT",""
"Article 24","Article 24","Article 24.6 - Annual ICT System and Application Testing","VPM-164","djpkc4uy","https://app.eu.vanta.com/frameworks/dora?controlId=djpkc4uy","Financial entities, other than microenterprises, shall ensure, at least yearly, that appropriate tests are conducted on all ICT systems and applications supporting critical or important functions.","No","Needs evidence","VULNERABILITY_PATCH_MANAGEMENT",""
"Article 25","Article 25","Article 25.3 - Microenterprise Risk-Based ICT Testing","CPL-209","3ev9vhng","https://app.eu.vanta.com/frameworks/dora?controlId=3ev9vhng","Microenterprises shall perform the tests referred to in paragraph 1 (Vanta Control - Article 25.1) by combining a risk-based approach with a strategic planning of ICT testing, by duly considering the need to maintain a balanced approach between the scale of resources and the time to be allocated to the ICT testing provided for in this Article, on the one hand, and the urgency, type of risk, criticality of information assets and of services provided, as well as any other relevant factor, including the financial entity’s ability to take calculated risks, on the other hand.","No","Needs evidence","COMPLIANCE",""
"Article 25","Article 25","Article 25.1 - Digital Resilience Testing Program Execution","VPM-165","4eoohnj6","https://app.eu.vanta.com/frameworks/dora?controlId=4eoohnj6","The digital operational resilience testing programme referred to in Article 24 shall provide, in accordance with the criteria set out in Article 4(2), for the execution of appropriate tests, such as vulnerability assessments and scans, open source analyses, network security assessments, gap analyses, physical security reviews, questionnaires and scanning software solutions, source code reviews where feasible, scenario-based tests, compatibility testing, performance testing, end-to-end testing and penetration testing.","No","Needs evidence","VULNERABILITY_PATCH_MANAGEMENT",""
"Article 25","Article 25","Article 25.2 - Vulnerability Assessments for Critical Systems","VPM-166","sdz0umdu","https://app.eu.vanta.com/frameworks/dora?controlId=sdz0umdu","Central securities depositories and central counterparties shall perform vulnerability assessments before any deployment or redeployment of new or existing applications and infrastructure components, and ICT services supporting critical or important functions of the financial entity.","No","Needs evidence","VULNERABILITY_PATCH_MANAGEMENT",""
"Article 26","Article 26","Article 26.1 - Threat-Led Penetration Testing (TLPT)","CPL-210","hax4hrlk","https://app.eu.vanta.com/frameworks/dora?controlId=hax4hrlk","Financial entities, other than entities referred to in Article 16(1), first subparagraph, and other than microenterprises, which are identified in accordance with paragraph 8 (Vanta Control - Article 26.8), third subparagraph, of this Article, shall carry out at least every 3 years advanced testing by means of TLPT. Based on the risk profile of the financial entity and taking into account operational circumstances, the competent authority may, where necessary, request the financial entity to reduce or increase this frequency.","No","Needs evidence","COMPLIANCE",""
"Article 26","Article 26","Article 26.3 - ICT Third-Party Participation in TLPT","CPL-211","yy39fqsu","https://app.eu.vanta.com/frameworks/dora?controlId=yy39fqsu","Where ICT third-party service providers are included in the scope of TLPT, the financial entity shall take the necessary measures and safeguards to ensure the participation of such ICT third-party service providers in the TLPT and shall retain at all times full responsibility for ensuring compliance with this Regulation.","No","Needs evidence","COMPLIANCE",""
"Article 26","Article 26","Article 26.4 - Safeguards in Pooled TLPT Arrangements","CPL-212","hp1kg70q","https://app.eu.vanta.com/frameworks/dora?controlId=hp1kg70q","Without prejudice to paragraph 2 (Vanta Control - Article 26.2), first and second subparagraphs, where the participation of an ICT third-party service provider in the TLPT, referred to in paragraph 3 (Vanta Control - Article 26.3), is reasonably expected to have an adverse impact on the quality or security of services delivered by the ICT third-party service provider to customers that are entities falling outside the scope of this Regulation, or on the confidentiality of the data related to such services, the financial entity and the ICT third-party service provider may agree in writing that the ICT third-party service provider directly enters into contractual arrangements with an external tester, for the purpose of conducting, under the direction of one designated financial entity, a pooled TLPT involving several financial entities (pooled testing) to which the ICT third-party service provider provides ICT services. That pooled testing shall cover the relevant range of ICT services supporting critical or important functions contracted to the respective ICT third-party service provider by the financial entities. The pooled testing shall be considered TLPT carried out by the financial entities participating in the pooled testing. The number of financial entities participating in the pooled testing shall be duly calibrated taking into account the complexity and types of services involved.","No","Needs evidence","COMPLIANCE",""
"Article 26","Article 26","Article 26.2 - Scope Definition for TLPT on Critical Functions","TPM-130","3jkqs3dd","https://app.eu.vanta.com/frameworks/dora?controlId=3jkqs3dd","Each threat-led penetration test shall cover several or all critical or important functions of a financial entity, and shall be performed on live production systems supporting such functions. Financial entities shall identify all relevant underlying ICT systems, processes and technologies supporting critical or important functions and ICT services, including those supporting the critical or important functions which have been outsourced or contracted to ICT third-party service providers. Financial entities shall assess which critical or important functions need to be covered by the TLPT. The result of this assessment shall determine the precise scope of TLPT and shall be validated by the competent authorities.","No","Needs evidence","THIRD_PARTY_MANAGEMENT",""
"Article 26","Article 26","Article 26.5 - Risk Management in TLPT Execution","TPM-131","tlhw5s4m","https://app.eu.vanta.com/frameworks/dora?controlId=tlhw5s4m","Financial entities shall, with the cooperation of ICT third-party service providers and other parties involved, including the testers but excluding the competent authorities, apply effective risk management controls to mitigate the risks of any potential impact on data, damage to assets, and disruption to critical or important functions, services or operations at the financial entity itself, its counterparts or to the financial sector.","No","Needs evidence","THIRD_PARTY_MANAGEMENT",""
"Article 26","Article 26","Article 26.6 - Reporting and Documentation Post-TLPT","TPM-132","excfk666","https://app.eu.vanta.com/frameworks/dora?controlId=excfk666","At the end of the testing, after reports and remediation plans have been agreed, the financial entity and, where applicable, the external testers shall provide to the authority, designated in accordance with paragraph 9 or 10 (Vanta Controls - Article 26.9, 26.10), a summary of the relevant findings, the remediation plans and the documentation demonstrating that the TLPT has been conducted in accordance with the requirements.","No","Needs evidence","THIRD_PARTY_MANAGEMENT",""
"Article 26","Article 26","Article 26.7 - Attestation and Mutual Recognition of TLPT","TPM-133","klc2rrtl","https://app.eu.vanta.com/frameworks/dora?controlId=klc2rrtl","Authorities shall provide financial entities with an attestation confirming that the test was performed in accordance with the requirements as evidenced in the documentation in order to allow for mutual recognition of threat led penetration tests between competent authorities. The financial entity shall notify the relevant competent authority of the attestation, the summary of the relevant findings and the remediation plans. Without prejudice to such attestation, financial entities shall remain at all times fully responsible for the impact of the tests referred to in paragraph 4 (Vanta Control - Article 26.4).","No","Needs evidence","THIRD_PARTY_MANAGEMENT",""
"Article 26","Article 26","Article 26.8 - External Tester Contracting for TLPT","TPM-134","c888nahq","https://app.eu.vanta.com/frameworks/dora?controlId=c888nahq","Financial entities shall contract testers for the purposes of undertaking TLPT in accordance with Article 2When financial entities use internal testers for the purposes of undertaking TLPT, they shall contract external testers every three tests. Credit institutions that are classified as significant in accordance with Article 6(4) of Regulation (EU) No 1024/2013, shall only use external testers in accordance with Article 27(1), points (a) to (e). Competent authorities shall identify financial entities that are required to perform TLPT taking into account the criteria set out in Article 4(2), based on an assessment of the following: 

(a) impact-related factors, in particular the extent to which the services provided and activities undertaken by the financial entity impact the financial sector; 

(b) possible financial stability concerns, including the systemic character of the financial entity at Union or national level, as applicable; 

(c) specific ICT risk profile, level of ICT maturity of the financial entity or technology features involved.","No","Needs evidence","THIRD_PARTY_MANAGEMENT",""
"Article 27","Article 27","Article 27.1 - Qualification Requirements for TLPT Testers","CPL-214","nl76u36k","https://app.eu.vanta.com/frameworks/dora?controlId=nl76u36k","Financial entities shall only use testers for the carrying out of TLPT, that: 

(a) are of the highest suitability and reputability; 

(b) possess technical and organisational capabilities and demonstrate specific expertise in threat intelligence, penetration testing and red team testing; 

(c) are certified by an accreditation body in a Member State or adhere to formal codes of conduct or ethical frameworks; 

(d) provide an independent assurance, or an audit report, in relation to the sound management of risks associated with the carrying out of TLPT, including the due protection of the financial entity’s confidential information and redress for the business risks of the financial entity; 

(e) are duly and fully covered by relevant professional indemnity insurances, including against risks of misconduct and negligence.","No","Needs evidence","COMPLIANCE",""
"Article 27","Article 27","Article 27.2 - Internal Tester Approval and Conditions","TPM-135","1xw6yg94","https://app.eu.vanta.com/frameworks/dora?controlId=1xw6yg94","When using internal testers, financial entities shall ensure that, in addition to the requirements in paragraph 1 (Vanta Control - Article 27.1), the following conditions are met: 

(a) such use has been approved by the relevant competent authority or by the single public authority designated in accordance with Article 26(9) and (10); 

(b) the relevant competent authority has verified that the financial entity has sufficient dedicated resources and ensured that conflicts of interest are avoided throughout the design and execution phases of the test; and 

(c) the threat intelligence provider is external to the financial entity.","No","Needs evidence","THIRD_PARTY_MANAGEMENT",""
"Article 27","Article 27","Article 27.3 - Management of TLPT Results and Data Security","TPM-136","1c64i82m","https://app.eu.vanta.com/frameworks/dora?controlId=1c64i82m","Financial entities shall ensure that contracts concluded with external testers require a sound management of the TLPT results and that any data processing thereof, including any generation, store, aggregation, draft, report, communication or destruction, do not create risks to the financial entity.","No","Needs evidence","THIRD_PARTY_MANAGEMENT",""
"Article 28","Article 28","Article 28.4 - Pre-Contractual Risk Assessment for ICT Services","CPL-215","fn8iyw4v","https://app.eu.vanta.com/frameworks/dora?controlId=fn8iyw4v","Before entering into a contractual arrangement on the use of ICT services, financial entities shall: 

(a) assess whether the contractual arrangement covers the use of ICT services supporting a critical or important function; 

(b) assess if supervisory conditions for contracting are met; 

(c) identify and assess all relevant risks in relation to the contractual arrangement, including the possibility that such contractual arrangement may contribute to reinforcing ICT concentration risk as referred to in Article 29; 

(d) undertake all due diligence on prospective ICT third-party service providers and ensure throughout the selection and assessment processes that the ICT third-party service provider is suitable; 

(e) identify and assess conflicts of interest that the contractual arrangement may cause.","No","Needs evidence","COMPLIANCE",""
"Article 28","Article 28","Article 28.5 - Compliance with Information Security Standards","CPL-216","pjs9s4e6","https://app.eu.vanta.com/frameworks/dora?controlId=pjs9s4e6","Financial entities may only enter into contractual arrangements with ICT third-party service providers that comply with appropriate information security standards. When those contractual arrangements concern critical or important functions, financial entities shall, prior to concluding the arrangements, take due consideration of the use, by ICT thirdparty service providers, of the most up-to-date and highest quality information security standards.","No","Needs evidence","COMPLIANCE",""
"Article 28","Article 28","Article 28.7 - Termination Conditions for ICT Third-Party Contracts","CPL-217","fvovknhn","https://app.eu.vanta.com/frameworks/dora?controlId=fvovknhn","Financial entities shall ensure that contractual arrangements on the use of ICT services may be terminated in any of the following circumstances: 

(a) significant breach by the ICT third-party service provider of applicable laws, regulations or contractual terms; 

(b) circumstances identified throughout the monitoring of ICT third-party risk that are deemed capable of altering the performance of the functions provided through the contractual arrangement, including material changes that affect the arrangement or the situation of the ICT third-party service provider; 

(c) ICT third-party service provider’s evidenced weaknesses pertaining to its overall ICT risk management and in particular in the way it ensures the availability, authenticity, integrity and, confidentiality, of data, whether personal or otherwise sensitive data, or non-personal data; 

(d) where the competent authority can no longer effectively supervise the financial entity as a result of the conditions of, or circumstances related to, the respective contractual arrangement.","No","Needs evidence","COMPLIANCE",""
"Article 28","Article 28","Article 28.8 - Exit Strategies for ICT Third-Party Contracts","CPL-218","2uf3t9gz","https://app.eu.vanta.com/frameworks/dora?controlId=2uf3t9gz","For ICT services supporting critical or important functions, financial entities shall put in place exit strategies. The exit strategies shall take into account risks that may emerge at the level of ICT third-party service providers, in particular a possible failure on their part, a deterioration of the quality of the ICT services provided, any business disruption due to inappropriate or failed provision of ICT services or any material risk arising in relation to the appropriate and continuous deployment of the respective ICT service, or the termination of contractual arrangements with ICT third-party service providers under any of the circumstances listed in paragraph Financial entities shall ensure that they are able to exit contractual arrangements without: 

(a) disruption to their business activities, 

(b) limiting compliance with regulatory requirements, 

(c) detriment to the continuity and quality of services provided to clients. Exit plans shall be comprehensive, documented and, in accordance with the criteria set out in Article 4(2), shall be sufficiently tested and reviewed periodically. Financial entities shall identify alternative solutions and develop transition plans enabling them to remove the contracted ICT services and the relevant data from the ICT third-party service provider and to securely and integrally transfer them to alternative providers or reincorporate them in-house. Financial entities shall have appropriate contingency measures in place to maintain business continuity in the event of the circumstances referred to in the first subparagraph.","No","Needs evidence","COMPLIANCE",""
"Article 28","Article 28","Article 28.1 - ICT Third-Party Risk Management Framework","TPM-137","cld5vkxy","https://app.eu.vanta.com/frameworks/dora?controlId=cld5vkxy","Financial entities shall manage ICT third-party risk as an integral component of ICT risk within their ICT risk management framework as referred to in Article 6(1), and in accordance with the following principles: 

(a) financial entities that have in place contractual arrangements for the use of ICT services to run their business operations shall, at all times, remain fully responsible for compliance with, and the discharge of, all obligations under this Regulation and applicable financial services law; 

(b) financial entities’ management of ICT third-party risk shall be implemented in light of the principle of proportionality, taking into account: 
(i) the nature, scale, complexity and importance of ICT-related dependencies, 
(ii) the risks arising from contractual arrangements on the use of ICT services concluded with ICT third-party service providers, taking into account the criticality or importance of the respective service, process or function, and the potential impact on the continuity and availability of financial services and activities, at individual and at group level.","No","Needs evidence","THIRD_PARTY_MANAGEMENT",""
"Article 28","Article 28","Article 28.2 - Strategy for ICT Third-Party Risk Management","TPM-138","1nm36cwp","https://app.eu.vanta.com/frameworks/dora?controlId=1nm36cwp","As part of their ICT risk management framework, financial entities, other than entities referred to in Article 16(1), first subparagraph, and other than microenterprises, shall adopt, and regularly review, a strategy on ICT third-party risk, taking into account the multi-vendor strategy referred to in Article 6(9), where applicable. The strategy on ICT third-party risk shall include a policy on the use of ICT services supporting critical or important functions provided by ICT third-party service providers and shall apply on an individual basis and, where relevant, on a sub-consolidated and consolidated basis. The management body shall, on the basis of an assessment of the overall risk profile of the financial entity and the scale and complexity of the business services, regularly review the risks identified in respect to contractual arrangements on the use of ICT services supporting critical or important functions.","No","Needs evidence","THIRD_PARTY_MANAGEMENT",""
"Article 28","Article 28","Article 28.3 - ICT Third-Party Service Register Maintenance","TPM-139","e8tk384u","https://app.eu.vanta.com/frameworks/dora?controlId=e8tk384u","As part of their ICT risk management framework, financial entities shall maintain and update at entity level, and at sub-consolidated and consolidated levels, a register of information in relation to all contractual arrangements on the use of ICT services provided by ICT third-party service providers. The contractual arrangements referred to in the first subparagraph shall be appropriately documented, distinguishing between those that cover ICT services supporting critical or important functions and those that do not. Financial entities shall report at least yearly to the competent authorities on the number of new arrangements on the use of ICT services, the categories of ICT third-party service providers, the type of contractual arrangements and the ICT services and functions which are being provided. Financial entities shall make available to the competent authority, upon its request, the full register of information or, as requested, specified sections thereof, along with any information deemed necessary to enable the effective supervision of the financial entity. Financial entities shall inform the competent authority in a timely manner about any planned contractual arrangement on the use of ICT services supporting critical or important functions as well as when a function has become critical or important.","No","Needs evidence","THIRD_PARTY_MANAGEMENT",""
"Article 28","Article 28","Article 28.6 - Audit and Inspection Rights Over ICT Providers","TPM-140","w6mjgupo","https://app.eu.vanta.com/frameworks/dora?controlId=w6mjgupo","In exercising access, inspection and audit rights over the ICT third-party service provider, financial entities shall, on the basis of a risk-based approach, pre-determine the frequency of audits and inspections as well as the areas to be audited through adhering to commonly accepted audit standards in line with any supervisory instruction on the use and incorporation of such audit standards. Where contractual arrangements concluded with ICT third-party service providers on the use of ICT services entail high technical complexity, the financial entity shall verify that auditors, whether internal or external, or a pool of auditors, possess appropriate skills and knowledge to effectively perform the relevant audits and assessments.","No","Needs evidence","THIRD_PARTY_MANAGEMENT",""
"Article 29","Article 29","Article 29.2 - Subcontracting Risk Assessment and Compliance","CPL-219","ogd4zl4h","https://app.eu.vanta.com/frameworks/dora?controlId=ogd4zl4h","Where the contractual arrangements on the use of ICT services supporting critical or important functions include the possibility that an ICT third-party service provider further subcontracts ICT services supporting a critical or important function to other ICT third-party service providers, financial entities shall weigh benefits and risks that may arise in connection with such subcontracting, in particular in the case of an ICT subcontractor established in a third-country. Where contractual arrangements concern ICT services supporting critical or important functions, financial entities shall duly consider the insolvency law provisions that would apply in the event of the ICT third-party service provider’s bankruptcy as well as any constraint that may arise in respect to the urgent recovery of the financial entity’s data. Where contractual arrangements on the use of ICT services supporting critical or important functions are concluded with an ICT third-party service provider established in a third country, financial entities shall, in addition to the considerations referred to in the second subparagraph, also consider the compliance with Union data protection rules and the effective enforcement of the law in that third country. Where the contractual arrangements on the use of ICT services supporting critical or important functions provide for subcontracting, financial entities shall assess whether and how potentially long or complex chains of subcontracting may impact their ability to fully monitor the contracted functions and the ability of the competent authority to effectively supervise the financial entity in that respect.","No","Needs evidence","COMPLIANCE",""
"Article 29","Article 29","Article 29.1 - Risk Assessment for ICT Provider Substitutability","TPM-142","3bqofr7w","https://app.eu.vanta.com/frameworks/dora?controlId=3bqofr7w","When performing the identification and assessment of risks referred to in Article 28(4), point (c), financial entities shall also take into account whether the envisaged conclusion of a contractual arrangement in relation to ICT services supporting critical or important functions would lead to any of the following: 

(a) contracting an ICT third-party service provider that is not easily substitutable; or 

(b) having in place multiple contractual arrangements in relation to the provision of ICT services supporting critical or important functions with the same ICT third-party service provider or with closely connected ICT third-party service providers. Financial entities shall weigh the benefits and costs of alternative solutions, such as the use of different ICT third-party service providers, taking into account if and how envisaged solutions match the business needs and objectives set out in their digital resilience strategy.","No","Needs evidence","THIRD_PARTY_MANAGEMENT",""
"Article 30","Article 30","Article 30.1 - Documentation of ICT Service Contracts","TPM-143","n0p78cwe","https://app.eu.vanta.com/frameworks/dora?controlId=n0p78cwe","The rights and obligations of the financial entity and of the ICT third-party service provider shall be clearly allocated and set out in writing. The full contract shall include the service level agreements and be documented in one written document which shall be available to the parties on paper, or in a document with another downloadable, durable and accessible format.","No","Needs evidence","THIRD_PARTY_MANAGEMENT",""
"Article 30","Article 30","Article 30.2 - Mandatory Elements in ICT Contracts","TPM-144","kjqu3xoy","https://app.eu.vanta.com/frameworks/dora?controlId=kjqu3xoy","The contractual arrangements on the use of ICT services shall include at least the following elements: 

(a) a clear and complete description of all functions and ICT services to be provided by the ICT third-party service provider, indicating whether subcontracting of an ICT service supporting a critical or important function, or material parts thereof, is permitted and, when that is the case, the conditions applying to such subcontracting; 

(b) the locations, namely the regions or countries, where the contracted or subcontracted functions and ICT services are to be provided and where data is to be processed, including the storage location, and the requirement for the ICT thirdparty service provider to notify the financial entity in advance if it envisages changing such locations; 

(c) provisions on availability, authenticity, integrity and confidentiality in relation to the protection of data, including personal data; 

(d) provisions on ensuring access, recovery and return in an easily accessible format of personal and non-personal data processed by the financial entity in the event of the insolvency, resolution or discontinuation of the business operations of the ICT third-party service provider, or in the event of the termination of the contractual arrangements; 

(e) service level descriptions, including updates and revisions thereof; 

(f) the obligation of the ICT third-party service provider to provide assistance to the financial entity at no additional cost, or at a cost that is determined ex-ante, when an ICT incident that is related to the ICT service provided to the financial entity occurs; 

(g) the obligation of the ICT third-party service provider to fully cooperate with the competent authorities and the resolution authorities of the financial entity, including persons appointed by them; 

(h) termination rights and related minimum notice periods for the termination of the contractual arrangements, in accordance with the expectations of competent authorities and resolution authorities; 
(i) the conditions for the participation of ICT third-party service providers in the financial entities’ ICT security awareness programmes and digital operational resilience training in accordance with Article 13(6).","No","Needs evidence","THIRD_PARTY_MANAGEMENT",""
"Article 30","Article 30","Article 30.3 - Monitoring and Audit Provisions in ICT Contracts","TPM-145","nfjvels8","https://app.eu.vanta.com/frameworks/dora?controlId=nfjvels8","The contractual arrangements on the use of ICT services supporting critical or important functions shall include, in addition to the elements referred to in paragraph 2 (Vanta Control - Article 30.2), at least the following: 

(a) full service level descriptions, including updates and revisions thereof with precise quantitative and qualitative performance targets within the agreed service levels to allow effective monitoring by the financial entity of ICT services and enable appropriate corrective actions to be taken, without undue delay, when agreed service levels are not met; 

(b) notice periods and reporting obligations of the ICT third-party service provider to the financial entity, including notification of any development that might have a material impact on the ICT third-party service provider’s ability to effectively provide the ICT services supporting critical or important functions in line with agreed service levels; 

(c) requirements for the ICT third-party service provider to implement and test business contingency plans and to have in place ICT security measures, tools and policies that provide an appropriate level of security for the provision of services by the financial entity in line with its regulatory framework; 

(d) the obligation of the ICT third-party service provider to participate and fully cooperate in the financial entity’s TLPT as referred to in Articles 26 and 27; 

(e) the right to monitor, on an ongoing basis, the ICT third-party service provider’s performance, which entails the following: 
(i) unrestricted rights of access, inspection and audit by the financial entity, or an appointed third party, and by the competent authority, and the right to take copies of relevant documentation on-site if they are critical to the operations of the ICT third-party service provider, the effective exercise of which is not impeded or limited by other contractual arrangements or implementation policies; 
(ii) the right to agree on alternative assurance levels if other clients’ rights are affected; 
(iii) the obligation of the ICT third-party service provider to fully cooperate during the onsite inspections and audits performed by the competent authorities, the Lead Overseer, financial entity or an appointed third party; and 
(iv) the obligation to provide details on the scope, procedures to be followed and frequency of such inspections and audits; 

(f) exit strategies, in particular the establishment of a mandatory adequate transition period: 
(i) during which the ICT third-party service provider will continue providing the respective functions, or ICT services, with a view to reducing the risk of disruption at the financial entity or to ensure its effective resolution and restructuring; 
(ii) allowing the financial entity to migrate to another ICT third-party service provider or change to in-house solutions consistent with the complexity of the service provided. By way of derogation from point (e), the ICT third-party service provider and the financial entity that is a microenterprise may agree that the financial entity’s rights of access, inspection and audit can be delegated to an independent third party, appointed by the ICT third-party service provider, and that the financial entity is able to request information and assurance on the ICT third-party service provider’s performance from the third party at any time.","No","Needs evidence","THIRD_PARTY_MANAGEMENT",""
"Article 30","Article 30","Article 30.4 - Standard Contractual Clauses Consideration","TPM-146","wg4vgp4x","https://app.eu.vanta.com/frameworks/dora?controlId=wg4vgp4x","When negotiating contractual arrangements, financial entities and ICT third-party service providers shall consider the use of standard contractual clauses developed by public authorities for specific services.","No","Needs evidence","THIRD_PARTY_MANAGEMENT",""
"Article 45","Article 45","Article 45.1 - Cyber threat information and intelligence","IRO-289","wjt1g2ik","https://app.eu.vanta.com/frameworks/dora?controlId=wjt1g2ik","1\. Financial entities may exchange amongst themselves cyber threat information and intelligence, including indicators of compromise, tactics, techniques, and procedures, cyber security alerts and configuration tools, to the extent that such information and intelligence sharing: 

(a) aims to enhance the digital operational resilience of financial entities, in particular through raising awareness in relation to cyber threats, limiting or impeding the cyber threats’ ability to spread, supporting defence capabilities, threat detection techniques, mitigation strategies or response and recovery stages; 

(b) takes places within trusted communities of financial entities; 

(c) is implemented through information-sharing arrangements that protect the potentially sensitive nature of the information shared, and that are governed by rules of conduct in full respect of business confidentiality, protection of personal data in accordance with Regulation (EU) 2016/679 and guidelines on competition policy.","No","Needs evidence","INCIDENT_RESPONSE",""
"Article 45","Article 45","Article 45.2 - Information-sharing arrangements","IRO-290","7u3a706x","https://app.eu.vanta.com/frameworks/dora?controlId=7u3a706x","2\. For the purpose of paragraph 1, point (c), the information-sharing arrangements shall define the conditions for participation and, where appropriate, shall set out the details on the involvement of public authorities and the capacity in which they may be associated to the information-sharing arrangements, on the involvement of ICT third-party service providers, and on operational elements, including the use of dedicated IT platforms.","No","Needs evidence","INCIDENT_RESPONSE",""
"Article 45","Article 45","Article 45.3 - Information-sharing arrangements notification","IRO-291","pnbftzcy","https://app.eu.vanta.com/frameworks/dora?controlId=pnbftzcy","3\. Financial entities shall notify competent authorities of their participation in the information-sharing arrangements referred to in paragraph 1, upon validation of their membership, or, as applicable, of the cessation of their membership, once it takes effect.","No","Needs evidence","INCIDENT_RESPONSE",""